,title,link,id,published,summary,tv_show_id,tv_external_id,tv_show_name,tv_episode_id,tv_raw_title,tv_info_hash
0,Saturday Night Live S50E01 Jean Smart 1080p WEB h264 EDITH,magnet:?xt=urn:btih:52612E49D776F211B2A7ED03DAE2050414FFABED&dn=Saturday+Night+Live+S50E01+Jean+Smart+1080p+WEB+h264+EDITH&tr=udp%3A%2F%2Ftracker.coppersurfer.tk%3A6969%2Fannounce&tr=udp%3A%2F%2Ftracker.opentrackr.org%3A1337%2Fannounce&tr=udp%3A%2F%2Fexplodie.org%3A6969&tr=udp%3A%2F%2F9.rarbg.me%3A2960&tr=udp%3A%2F%2F9.rarbg.to%3A2980,07de2c8a746afa7ed55be803742067590927d6cb,"Sun, 29 Sep 2024 11:20:08 +0000",New episode: Saturday Night Live S50E01 Jean Smart 1080p WEB h264 EDITH,145,361,Saturday Night Live,204430,Saturday Night Live S50E01 Jean Smart 1080p WEB h264 EDITH,52612E49D776F211B2A7ED03DAE2050414FFABED
1,Bad Monkey S01E08 1080p WEB H264 SuccessfulCrab,magnet:?xt=urn:btih:002A94A1962F0273AEA75BED9BF3F71CF1B80CB2&dn=Bad+Monkey+S01E08+1080p+WEB+H264+SuccessfulCrab&tr=udp%3A%2F%2Ftracker.coppersurfer.tk%3A6969%2Fannounce&tr=udp%3A%2F%2Ftracker.opentrackr.org%3A1337%2Fannounce&tr=udp%3A%2F%2Fexplodie.org%3A6969&tr=udp%3A%2F%2F9.rarbg.me%3A2960&tr=udp%3A%2F%2F9.rarbg.to%3A2980,a5a894035059b0c64698b37d1ce7095df83bc557,"Wed, 25 Sep 2024 02:20:07 +0000",New episode: Bad Monkey S01E08 1080p WEB H264 SuccessfulCrab,1799,56778,Bad Monkey,204320,Bad Monkey S01E08 1080p WEB H264 SuccessfulCrab,002A94A1962F0273AEA75BED9BF3F71CF1B80CB2
2,Last Week Tonight with John Oliver S11E23 1080p WEB H264 Success,magnet:?xt=urn:btih:49803E4B13B0CA7F929927B7D96B6DD74991E77C&dn=Last+Week+Tonight+with+John+Oliver+S11E23+1080p+WEB+H264+Success&tr=udp%3A%2F%2Ftracker.coppersurfer.tk%3A6969%2Fannounce&tr=udp%3A%2F%2Ftracker.opentrackr.org%3A1337%2Fannounce&tr=udp%3A%2F%2Fexplodie.org%3A6969&tr=udp%3A%2F%2F9.rarbg.me%3A2960&tr=udp%3A%2F%2F9.rarbg.to%3A2980,c478666fc629354c44bbf928a7ba7d8a44661494,"Mon, 23 Sep 2024 04:20:06 +0000",New episode: Last Week Tonight with John Oliver S11E23 1080p WEB H264 Success,45,263,Last Week Tonight With John Oliver,204223,Last Week Tonight with John Oliver S11E23 1080p WEB H264 Success,49803E4B13B0CA7F929927B7D96B6DD74991E77C
3,Bad Monkey S01E07 1080p WEB H264 SuccessfulCrab,magnet:?xt=urn:btih:C43A88269F21A252814653F920B66E284EC85EFB&dn=Bad+Monkey+S01E07+1080p+WEB+H264+SuccessfulCrab&tr=udp%3A%2F%2Ftracker.coppersurfer.tk%3A6969%2Fannounce&tr=udp%3A%2F%2Ftracker.opentrackr.org%3A1337%2Fannounce&tr=udp%3A%2F%2Fexplodie.org%3A6969&tr=udp%3A%2F%2F9.rarbg.me%3A2960&tr=udp%3A%2F%2F9.rarbg.to%3A2980,02c0ff4e434e859de1810464a066d858b73ecb49,"Wed, 18 Sep 2024 02:20:06 +0000",New episode: Bad Monkey S01E07 1080p WEB H264 SuccessfulCrab,1799,56778,Bad Monkey,204096,Bad Monkey S01E07 1080p WEB H264 SuccessfulCrab,C43A88269F21A252814653F920B66E284EC85EFB
4,Bad Monkey S01E06 1080p WEB H264 SuccessfulCrab,magnet:?xt=urn:btih:0C33E4800D3A4CC4C034FA012F7AC39EB1EBFE7C&dn=Bad+Monkey+S01E06+1080p+WEB+H264+SuccessfulCrab&tr=udp%3A%2F%2Ftracker.coppersurfer.tk%3A6969%2Fannounce&tr=udp%3A%2F%2Ftracker.opentrackr.org%3A1337%2Fannounce&tr=udp%3A%2F%2Fexplodie.org%3A6969&tr=udp%3A%2F%2F9.rarbg.me%3A2960&tr=udp%3A%2F%2F9.rarbg.to%3A2980,901351c668fa7ba03a93b5dae52465cd684b42cf,"Wed, 11 Sep 2024 02:20:06 +0000",New episode: Bad Monkey S01E06 1080p WEB H264 SuccessfulCrab,1799,56778,Bad Monkey,203971,Bad Monkey S01E06 1080p WEB H264 SuccessfulCrab,0C33E4800D3A4CC4C034FA012F7AC39EB1EBFE7C
5,Last Week Tonight with John Oliver S11E22 1080p WEB H264 Success,magnet:?xt=urn:btih:380D59ACA7B172F1AA28D1CFDD91C20C6B7AAB8C&dn=Last+Week+Tonight+with+John+Oliver+S11E22+1080p+WEB+H264+Success&tr=udp%3A%2F%2Ftracker.coppersurfer.tk%3A6969%2Fannounce&tr=udp%3A%2F%2Ftracker.opentrackr.org%3A1337%2Fannounce&tr=udp%3A%2F%2Fexplodie.org%3A6969&tr=udp%3A%2F%2F9.rarbg.me%3A2960&tr=udp%3A%2F%2F9.rarbg.to%3A2980,6932b67d4d44bb3e4a9d1d76838d375cc94e3610,"Mon, 09 Sep 2024 04:25:04 +0000",New episode: Last Week Tonight with John Oliver S11E22 1080p WEB H264 Success,45,263,Last Week Tonight With John Oliver,203947,Last Week Tonight with John Oliver S11E22 1080p WEB H264 Success,380D59ACA7B172F1AA28D1CFDD91C20C6B7AAB8C
6,Bad Monkey S01E04 1080p WEB H264 SuccessfulCrab,magnet:?xt=urn:btih:2F23AEE13F44D12A17B544ABF4C593E932E7EC93&dn=Bad+Monkey+S01E04+1080p+WEB+H264+SuccessfulCrab&tr=udp%3A%2F%2Ftracker.coppersurfer.tk%3A6969%2Fannounce&tr=udp%3A%2F%2Ftracker.opentrackr.org%3A1337%2Fannounce&tr=udp%3A%2F%2Fexplodie.org%3A6969&tr=udp%3A%2F%2F9.rarbg.me%3A2960&tr=udp%3A%2F%2F9.rarbg.to%3A2980,9033216f90b3949d973b09a5b650033a45d604b8,"Fri, 30 Aug 2024 10:55:04 +0000",New episode: Bad Monkey S01E04 1080p WEB H264 SuccessfulCrab,1799,56778,Bad Monkey,203845,Bad Monkey S01E04 1080p WEB H264 SuccessfulCrab,2F23AEE13F44D12A17B544ABF4C593E932E7EC93
7,Bad Monkey S01E03 1080p WEB H264 SuccessfulCrab,magnet:?xt=urn:btih:BBE1A3F9B60C3C9C8A03F2E1FE8E1DB4DE309999&dn=Bad+Monkey+S01E03+1080p+WEB+H264+SuccessfulCrab&tr=udp%3A%2F%2Ftracker.coppersurfer.tk%3A6969%2Fannounce&tr=udp%3A%2F%2Ftracker.opentrackr.org%3A1337%2Fannounce&tr=udp%3A%2F%2Fexplodie.org%3A6969&tr=udp%3A%2F%2F9.rarbg.me%3A2960&tr=udp%3A%2F%2F9.rarbg.to%3A2980,8dbd7ef1d52037820577ae9356e7209a1430597d,"Fri, 30 Aug 2024 10:55:02 +0000",New episode: Bad Monkey S01E03 1080p WEB H264 SuccessfulCrab,1799,56778,Bad Monkey,203841,Bad Monkey S01E03 1080p WEB H264 SuccessfulCrab,BBE1A3F9B60C3C9C8A03F2E1FE8E1DB4DE309999
8,Sunny S01E09 1080p WEB H264 SuccessfulCrab,magnet:?xt=urn:btih:7315918C1F1B11378F99D69FE06615FD227F6441&dn=Sunny+S01E09+1080p+WEB+H264+SuccessfulCrab&tr=udp%3A%2F%2Ftracker.coppersurfer.tk%3A6969%2Fannounce&tr=udp%3A%2F%2Ftracker.opentrackr.org%3A1337%2Fannounce&tr=udp%3A%2F%2Fexplodie.org%3A6969&tr=udp%3A%2F%2F9.rarbg.me%3A2960&tr=udp%3A%2F%2F9.rarbg.to%3A2980,28ef04ba82eab344ac945b96c62859a487f594a9,"Wed, 28 Aug 2024 02:40:06 +0000",New episode: Sunny S01E09 1080p WEB H264 SuccessfulCrab,1794,60398,Sunny,203798,Sunny S01E09 1080p WEB H264 SuccessfulCrab,7315918C1F1B11378F99D69FE06615FD227F6441
9,Sunny S01E08 1080p WEB H264 SuccessfulCrab,magnet:?xt=urn:btih:443BFAE080088453850FA5B8AB0D712DBA113005&dn=Sunny+S01E08+1080p+WEB+H264+SuccessfulCrab&tr=udp%3A%2F%2Ftracker.coppersurfer.tk%3A6969%2Fannounce&tr=udp%3A%2F%2Ftracker.opentrackr.org%3A1337%2Fannounce&tr=udp%3A%2F%2Fexplodie.org%3A6969&tr=udp%3A%2F%2F9.rarbg.me%3A2960&tr=udp%3A%2F%2F9.rarbg.to%3A2980,fecd7a0fcd9e1a3fb3e4fc8514422794f5cf7185,"Wed, 21 Aug 2024 02:20:06 +0000",New episode: Sunny S01E08 1080p WEB H264 SuccessfulCrab,1794,60398,Sunny,203631,Sunny S01E08 1080p WEB H264 SuccessfulCrab,443BFAE080088453850FA5B8AB0D712DBA113005
10,Last Week Tonight with John Oliver S11E21 1080p WEB H264 Success,magnet:?xt=urn:btih:3E325D647C52665BDEDC39BE101D0113E8E578BE&dn=Last+Week+Tonight+with+John+Oliver+S11E21+1080p+WEB+H264+Success&tr=udp%3A%2F%2Ftracker.coppersurfer.tk%3A6969%2Fannounce&tr=udp%3A%2F%2Ftracker.opentrackr.org%3A1337%2Fannounce&tr=udp%3A%2F%2Fexplodie.org%3A6969&tr=udp%3A%2F%2F9.rarbg.me%3A2960&tr=udp%3A%2F%2F9.rarbg.to%3A2980,2f9228480872804067b0b237a761694315aae2bc,"Mon, 19 Aug 2024 04:30:07 +0000",New episode: Last Week Tonight with John Oliver S11E21 1080p WEB H264 Success,45,263,Last Week Tonight With John Oliver,203609,Last Week Tonight with John Oliver S11E21 1080p WEB H264 Success,3E325D647C52665BDEDC39BE101D0113E8E578BE
11,Last Week Tonight with John Oliver S11E20 1080p WEB H264 Success,magnet:?xt=urn:btih:6C478486C5972E2524BDFC18C4FD672E33724793&dn=Last+Week+Tonight+with+John+Oliver+S11E20+1080p+WEB+H264+Success&tr=udp%3A%2F%2Ftracker.coppersurfer.tk%3A6969%2Fannounce&tr=udp%3A%2F%2Ftracker.opentrackr.org%3A1337%2Fannounce&tr=udp%3A%2F%2Fexplodie.org%3A6969&tr=udp%3A%2F%2F9.rarbg.me%3A2960&tr=udp%3A%2F%2F9.rarbg.to%3A2980,92266c606d5f4dd2eaedd29e238f37ecc2e5446c,"Mon, 12 Aug 2024 04:20:09 +0000",New episode: Last Week Tonight with John Oliver S11E20 1080p WEB H264 Success,45,263,Last Week Tonight With John Oliver,203488,Last Week Tonight with John Oliver S11E20 1080p WEB H264 Success,6C478486C5972E2524BDFC18C4FD672E33724793
12,Sunny S01E06 1080p WEB h264 ETHEL,magnet:?xt=urn:btih:C0073E3CDB32043CDA5E43C23245A3CA3C9560D5&dn=Sunny+S01E06+1080p+WEB+h264+ETHEL&tr=udp%3A%2F%2Ftracker.coppersurfer.tk%3A6969%2Fannounce&tr=udp%3A%2F%2Ftracker.opentrackr.org%3A1337%2Fannounce&tr=udp%3A%2F%2Fexplodie.org%3A6969&tr=udp%3A%2F%2F9.rarbg.me%3A2960&tr=udp%3A%2F%2F9.rarbg.to%3A2980,18529bdea3408d7f804e7a1bf8a2b0881ba70295,"Wed, 07 Aug 2024 02:20:11 +0000",New episode: Sunny S01E06 1080p WEB h264 ETHEL,1794,60398,Sunny,203406,Sunny S01E06 1080p WEB h264 ETHEL,C0073E3CDB32043CDA5E43C23245A3CA3C9560D5
13,House of the Dragon S02E08 1080p WEB h264 ETHEL,magnet:?xt=urn:btih:C1091701AE90B79A7B22DA8AD805E7385C58F2A6&dn=House+of+the+Dragon+S02E08+1080p+WEB+h264+ETHEL&tr=udp%3A%2F%2Ftracker.coppersurfer.tk%3A6969%2Fannounce&tr=udp%3A%2F%2Ftracker.opentrackr.org%3A1337%2Fannounce&tr=udp%3A%2F%2Fexplodie.org%3A6969&tr=udp%3A%2F%2F9.rarbg.me%3A2960&tr=udp%3A%2F%2F9.rarbg.to%3A2980,e9056de545d04fe861db3523dd065dce99ebce2c,"Mon, 05 Aug 2024 02:20:12 +0000",New episode: House of the Dragon S02E08 1080p WEB h264 ETHEL,1586,44778,House of the Dragon,203381,House of the Dragon S02E08 1080p WEB h264 ETHEL,C1091701AE90B79A7B22DA8AD805E7385C58F2A6
14,Sesame Street S54E35 Prairie Dawns Cookie Party 1080p MAX WEB DL DDP5 1 x264 LAZ,magnet:?xt=urn:btih:A5935C430ECE57C4C23B25A0C9E2297E0904C14D&dn=Sesame+Street+S54E35+Prairie+Dawns+Cookie+Party+1080p+MAX+WEB+DL+DDP5+1+x264+LAZ&tr=udp%3A%2F%2Ftracker.coppersurfer.tk%3A6969%2Fannounce&tr=udp%3A%2F%2Ftracker.opentrackr.org%3A1337%2Fannounce&tr=udp%3A%2F%2Fexplodie.org%3A6969&tr=udp%3A%2F%2F9.rarbg.me%3A2960&tr=udp%3A%2F%2F9.rarbg.to%3A2980,8bf334dd64eae31b20716084b1a3f40e04700567,"Wed, 31 Jul 2024 03:40:14 +0000",New episode: Sesame Street S54E35 Prairie Dawns Cookie Party 1080p MAX WEB DL DDP5 1 x264 LAZ,605,6544,Sesame Street,203274,Sesame Street S54E35 Prairie Dawns Cookie Party 1080p MAX WEB DL DDP5 1 x264 LAZ,A5935C430ECE57C4C23B25A0C9E2297E0904C14D
15,Sesame Street S54E27 The Tasty Transport 1080p MAX WEB DL DDP5 1 x264 LAZY,magnet:?xt=urn:btih:B686BD9AED672A59953A164E756C5FCE4980605C&dn=Sesame+Street+S54E27+The+Tasty+Transport+1080p+MAX+WEB+DL+DDP5+1+x264+LAZY&tr=udp%3A%2F%2Ftracker.coppersurfer.tk%3A6969%2Fannounce&tr=udp%3A%2F%2Ftracker.opentrackr.org%3A1337%2Fannounce&tr=udp%3A%2F%2Fexplodie.org%3A6969&tr=udp%3A%2F%2F9.rarbg.me%3A2960&tr=udp%3A%2F%2F9.rarbg.to%3A2980,7fbc8d5d6800ab08eb5d82279f265afe93573272,"Wed, 31 Jul 2024 03:40:13 +0000",New episode: Sesame Street S54E27 The Tasty Transport 1080p MAX WEB DL DDP5 1 x264 LAZY,605,6544,Sesame Street,203273,Sesame Street S54E27 The Tasty Transport 1080p MAX WEB DL DDP5 1 x264 LAZY,B686BD9AED672A59953A164E756C5FCE4980605C
16,Sesame Street S54E30 Elmo Visits the Library 1080p MAX WEB DL DDP5 1 x264 LAZY,magnet:?xt=urn:btih:FDD4CCD0936BEEFF82FA85A462575EA3F2446FAA&dn=Sesame+Street+S54E30+Elmo+Visits+the+Library+1080p+MAX+WEB+DL+DDP5+1+x264+LAZY&tr=udp%3A%2F%2Ftracker.coppersurfer.tk%3A6969%2Fannounce&tr=udp%3A%2F%2Ftracker.opentrackr.org%3A1337%2Fannounce&tr=udp%3A%2F%2Fexplodie.org%3A6969&tr=udp%3A%2F%2F9.rarbg.me%3A2960&tr=udp%3A%2F%2F9.rarbg.to%3A2980,872300f2777ea1890ea4fc1e3814fb4a9aab412c,"Wed, 31 Jul 2024 03:40:13 +0000",New episode: Sesame Street S54E30 Elmo Visits the Library 1080p MAX WEB DL DDP5 1 x264 LAZY,605,6544,Sesame Street,203272,Sesame Street S54E30 Elmo Visits the Library 1080p MAX WEB DL DDP5 1 x264 LAZY,FDD4CCD0936BEEFF82FA85A462575EA3F2446FAA
17,Sesame Street S54E19 Bert and Ernies Opposite Day 1080p MAX WEB DL DDP5 1 x264 L,magnet:?xt=urn:btih:B1A8045DF63FA9A6B78886CA9FE5F5F0DCBC4842&dn=Sesame+Street+S54E19+Bert+and+Ernies+Opposite+Day+1080p+MAX+WEB+DL+DDP5+1+x264+L&tr=udp%3A%2F%2Ftracker.coppersurfer.tk%3A6969%2Fannounce&tr=udp%3A%2F%2Ftracker.opentrackr.org%3A1337%2Fannounce&tr=udp%3A%2F%2Fexplodie.org%3A6969&tr=udp%3A%2F%2F9.rarbg.me%3A2960&tr=udp%3A%2F%2F9.rarbg.to%3A2980,2093b59f2d7b88f74271969336cebcb4bcf5c68a,"Wed, 31 Jul 2024 03:10:13 +0000",New episode: Sesame Street S54E19 Bert and Ernies Opposite Day 1080p MAX WEB DL DDP5 1 x264 L,605,6544,Sesame Street,203269,Sesame Street S54E19 Bert and Ernies Opposite Day 1080p MAX WEB DL DDP5 1 x264 L,B1A8045DF63FA9A6B78886CA9FE5F5F0DCBC4842
18,Sesame Street S54E15 Elmo Helps the Amazing Zero 1080p MAX WEB DL DDP5 1 x264 LA,magnet:?xt=urn:btih:9F230B30D3272654A420B3172DE90575FEFC1177&dn=Sesame+Street+S54E15+Elmo+Helps+the+Amazing+Zero+1080p+MAX+WEB+DL+DDP5+1+x264+LA&tr=udp%3A%2F%2Ftracker.coppersurfer.tk%3A6969%2Fannounce&tr=udp%3A%2F%2Ftracker.opentrackr.org%3A1337%2Fannounce&tr=udp%3A%2F%2Fexplodie.org%3A6969&tr=udp%3A%2F%2F9.rarbg.me%3A2960&tr=udp%3A%2F%2F9.rarbg.to%3A2980,ca04a3369bfc09e27fb0219f9301e6fe40d3e7d6,"Wed, 31 Jul 2024 02:40:13 +0000",New episode: Sesame Street S54E15 Elmo Helps the Amazing Zero 1080p MAX WEB DL DDP5 1 x264 LA,605,6544,Sesame Street,203266,Sesame Street S54E15 Elmo Helps the Amazing Zero 1080p MAX WEB DL DDP5 1 x264 LA,9F230B30D3272654A420B3172DE90575FEFC1177
19,Sesame Street S54E10 Supermarket Games 1080p MAX WEB DL DDP5 1 x264 LAZY,magnet:?xt=urn:btih:460A58A23C0FD34DD852EA23DB04E9446F42630C&dn=Sesame+Street+S54E10+Supermarket+Games+1080p+MAX+WEB+DL+DDP5+1+x264+LAZY&tr=udp%3A%2F%2Ftracker.coppersurfer.tk%3A6969%2Fannounce&tr=udp%3A%2F%2Ftracker.opentrackr.org%3A1337%2Fannounce&tr=udp%3A%2F%2Fexplodie.org%3A6969&tr=udp%3A%2F%2F9.rarbg.me%3A2960&tr=udp%3A%2F%2F9.rarbg.to%3A2980,8c2defb7e995d2d16fe84e192b1a5b0ffa803985,"Wed, 31 Jul 2024 02:40:13 +0000",New episode: Sesame Street S54E10 Supermarket Games 1080p MAX WEB DL DDP5 1 x264 LAZY,605,6544,Sesame Street,203265,Sesame Street S54E10 Supermarket Games 1080p MAX WEB DL DDP5 1 x264 LAZY,460A58A23C0FD34DD852EA23DB04E9446F42630C
20,Sesame Street S54E11 Sesame Street Song Day 1080p MAX WEB DL DDP5 1 x264 LAZY,magnet:?xt=urn:btih:4083F4A20FFAD0262F39D0D38D565F38C9A2F642&dn=Sesame+Street+S54E11+Sesame+Street+Song+Day+1080p+MAX+WEB+DL+DDP5+1+x264+LAZY&tr=udp%3A%2F%2Ftracker.coppersurfer.tk%3A6969%2Fannounce&tr=udp%3A%2F%2Ftracker.opentrackr.org%3A1337%2Fannounce&tr=udp%3A%2F%2Fexplodie.org%3A6969&tr=udp%3A%2F%2F9.rarbg.me%3A2960&tr=udp%3A%2F%2F9.rarbg.to%3A2980,caaeabf30060aab7261666a3dc495b8539db0565,"Wed, 31 Jul 2024 02:40:13 +0000",New episode: Sesame Street S54E11 Sesame Street Song Day 1080p MAX WEB DL DDP5 1 x264 LAZY,605,6544,Sesame Street,203264,Sesame Street S54E11 Sesame Street Song Day 1080p MAX WEB DL DDP5 1 x264 LAZY,4083F4A20FFAD0262F39D0D38D565F38C9A2F642
21,Sesame Street S54E07 Worms Want to Play 1080p MAX WEB DL DDP5 1 x264 LAZY,magnet:?xt=urn:btih:FDB8456CF1A80123487F20097DDD62AC4DD41278&dn=Sesame+Street+S54E07+Worms+Want+to+Play+1080p+MAX+WEB+DL+DDP5+1+x264+LAZY&tr=udp%3A%2F%2Ftracker.coppersurfer.tk%3A6969%2Fannounce&tr=udp%3A%2F%2Ftracker.opentrackr.org%3A1337%2Fannounce&tr=udp%3A%2F%2Fexplodie.org%3A6969&tr=udp%3A%2F%2F9.rarbg.me%3A2960&tr=udp%3A%2F%2F9.rarbg.to%3A2980,5a626f9993582d10df2bf1c8245fcb8257ff053f,"Wed, 31 Jul 2024 02:40:13 +0000",New episode: Sesame Street S54E07 Worms Want to Play 1080p MAX WEB DL DDP5 1 x264 LAZY,605,6544,Sesame Street,203263,Sesame Street S54E07 Worms Want to Play 1080p MAX WEB DL DDP5 1 x264 LAZY,FDB8456CF1A80123487F20097DDD62AC4DD41278
22,Sunny S01E05 1080p WEB h264 ETHEL,magnet:?xt=urn:btih:4BD21E5F33B9BD04920B6E90EBD446AD74A364BF&dn=Sunny+S01E05+1080p+WEB+h264+ETHEL&tr=udp%3A%2F%2Ftracker.coppersurfer.tk%3A6969%2Fannounce&tr=udp%3A%2F%2Ftracker.opentrackr.org%3A1337%2Fannounce&tr=udp%3A%2F%2Fexplodie.org%3A6969&tr=udp%3A%2F%2F9.rarbg.me%3A2960&tr=udp%3A%2F%2F9.rarbg.to%3A2980,889df925f44284baedd6e049ba7905ef81eca94b,"Wed, 31 Jul 2024 02:20:13 +0000",New episode: Sunny S01E05 1080p WEB h264 ETHEL,1794,60398,Sunny,203262,Sunny S01E05 1080p WEB h264 ETHEL,4BD21E5F33B9BD04920B6E90EBD446AD74A364BF
23,Last Week Tonight with John Oliver S11E18 1080p WEB H264 SuccessfulCrab,magnet:?xt=urn:btih:00081320FAF435CF0467FEAB7C8FAEAFE7E09606&dn=Last+Week+Tonight+with+John+Oliver+S11E18+1080p+WEB+H264+SuccessfulCrab&tr=udp%3A%2F%2Ftracker.coppersurfer.tk%3A6969%2Fannounce&tr=udp%3A%2F%2Ftracker.opentrackr.org%3A1337%2Fannounce&tr=udp%3A%2F%2Fexplodie.org%3A6969&tr=udp%3A%2F%2F9.rarbg.me%3A2960&tr=udp%3A%2F%2F9.rarbg.to%3A2980,cd82822436ea3830f2200c6e0dc6f989f471035f,"Mon, 29 Jul 2024 04:40:13 +0000",New episode: Last Week Tonight with John Oliver S11E18 1080p WEB H264 SuccessfulCrab,45,263,Last Week Tonight With John Oliver,203225,Last Week Tonight with John Oliver S11E18 1080p WEB H264 SuccessfulCrab,00081320FAF435CF0467FEAB7C8FAEAFE7E09606
24,House of the Dragon S02E07 1080p WEB H264 SuccessfulCrab,magnet:?xt=urn:btih:C2BDE26D547ED8329C65B178DE16DB5BE8D4A2DA&dn=House+of+the+Dragon+S02E07+1080p+WEB+H264+SuccessfulCrab&tr=udp%3A%2F%2Ftracker.coppersurfer.tk%3A6969%2Fannounce&tr=udp%3A%2F%2Ftracker.opentrackr.org%3A1337%2Fannounce&tr=udp%3A%2F%2Fexplodie.org%3A6969&tr=udp%3A%2F%2F9.rarbg.me%3A2960&tr=udp%3A%2F%2F9.rarbg.to%3A2980,5e7dfaa2bfe61a37e47527911c2f3e9061e0a285,"Mon, 29 Jul 2024 02:20:14 +0000",New episode: House of the Dragon S02E07 1080p WEB H264 SuccessfulCrab,1586,44778,House of the Dragon,203221,House of the Dragon S02E07 1080p WEB H264 SuccessfulCrab,C2BDE26D547ED8329C65B178DE16DB5BE8D4A2DA
25,Sesame Street S54E18 Tamirs Water Works 1080p AMZN WEB DL AAC5 1 H 264 NTb,magnet:?xt=urn:btih:86D269CBA1F855A467C6628993CFF06FA8506F5B&dn=Sesame+Street+S54E18+Tamirs+Water+Works+1080p+AMZN+WEB+DL+AAC5+1+H+264+NTb&tr=udp%3A%2F%2Ftracker.coppersurfer.tk%3A6969%2Fannounce&tr=udp%3A%2F%2Ftracker.opentrackr.org%3A1337%2Fannounce&tr=udp%3A%2F%2Fexplodie.org%3A6969&tr=udp%3A%2F%2F9.rarbg.me%3A2960&tr=udp%3A%2F%2F9.rarbg.to%3A2980,fbd3844189ae9c41a38d574d7d02d95110b44db8,"Sat, 27 Jul 2024 06:40:13 +0000",New episode: Sesame Street S54E18 Tamirs Water Works 1080p AMZN WEB DL AAC5 1 H 264 NTb,605,6544,Sesame Street,203192,Sesame Street S54E18 Tamirs Water Works 1080p AMZN WEB DL AAC5 1 H 264 NTb,86D269CBA1F855A467C6628993CFF06FA8506F5B
26,Sesame Street S54E28 Tamir Learns Tagalog 1080p AMZN WEB DL AAC5 1 H 264 NTb,magnet:?xt=urn:btih:98AC4F372F729E23ED453349053A969600C60164&dn=Sesame+Street+S54E28+Tamir+Learns+Tagalog+1080p+AMZN+WEB+DL+AAC5+1+H+264+NTb&tr=udp%3A%2F%2Ftracker.coppersurfer.tk%3A6969%2Fannounce&tr=udp%3A%2F%2Ftracker.opentrackr.org%3A1337%2Fannounce&tr=udp%3A%2F%2Fexplodie.org%3A6969&tr=udp%3A%2F%2F9.rarbg.me%3A2960&tr=udp%3A%2F%2F9.rarbg.to%3A2980,2f961cc2a7a78c04f7fd8e6907938eeb84b5de14,"Sat, 27 Jul 2024 06:40:13 +0000",New episode: Sesame Street S54E28 Tamir Learns Tagalog 1080p AMZN WEB DL AAC5 1 H 264 NTb,605,6544,Sesame Street,203191,Sesame Street S54E28 Tamir Learns Tagalog 1080p AMZN WEB DL AAC5 1 H 264 NTb,98AC4F372F729E23ED453349053A969600C60164
27,Sesame Street S54E20 Our Family Musical 1080p AMZN WEB DL AAC5 1 H 264 NTb,magnet:?xt=urn:btih:3D49831A9BD6388B909451454DB672D1B77D5B61&dn=Sesame+Street+S54E20+Our+Family+Musical+1080p+AMZN+WEB+DL+AAC5+1+H+264+NTb&tr=udp%3A%2F%2Ftracker.coppersurfer.tk%3A6969%2Fannounce&tr=udp%3A%2F%2Ftracker.opentrackr.org%3A1337%2Fannounce&tr=udp%3A%2F%2Fexplodie.org%3A6969&tr=udp%3A%2F%2F9.rarbg.me%3A2960&tr=udp%3A%2F%2F9.rarbg.to%3A2980,31a4f8fd0cd625ae2ffc769e4cfeb70f3e9c0188,"Sat, 27 Jul 2024 06:40:13 +0000",New episode: Sesame Street S54E20 Our Family Musical 1080p AMZN WEB DL AAC5 1 H 264 NTb,605,6544,Sesame Street,203190,Sesame Street S54E20 Our Family Musical 1080p AMZN WEB DL AAC5 1 H 264 NTb,3D49831A9BD6388B909451454DB672D1B77D5B61
28,Sesame Street S54E31 Elmo Goes Down the Big Slide 1080p AMZN WEB DL AAC5 1 H 264,magnet:?xt=urn:btih:E60698B29493145AEAADAD928901F1BC9B620CE8&dn=Sesame+Street+S54E31+Elmo+Goes+Down+the+Big+Slide+1080p+AMZN+WEB+DL+AAC5+1+H+264&tr=udp%3A%2F%2Ftracker.coppersurfer.tk%3A6969%2Fannounce&tr=udp%3A%2F%2Ftracker.opentrackr.org%3A1337%2Fannounce&tr=udp%3A%2F%2Fexplodie.org%3A6969&tr=udp%3A%2F%2F9.rarbg.me%3A2960&tr=udp%3A%2F%2F9.rarbg.to%3A2980,b6f68c221be7c79e0bad1edcdfdcdf1858bfdd75,"Sat, 27 Jul 2024 06:40:13 +0000",New episode: Sesame Street S54E31 Elmo Goes Down the Big Slide 1080p AMZN WEB DL AAC5 1 H 264,605,6544,Sesame Street,203189,Sesame Street S54E31 Elmo Goes Down the Big Slide 1080p AMZN WEB DL AAC5 1 H 264,E60698B29493145AEAADAD928901F1BC9B620CE8
29,Sesame Street S54E08 Elmos Morning Routine 1080p AMZN WEB DL AAC5 1 H 264 NTb,magnet:?xt=urn:btih:45CE6EA4379E014A7DF550112E6211383139BE10&dn=Sesame+Street+S54E08+Elmos+Morning+Routine+1080p+AMZN+WEB+DL+AAC5+1+H+264+NTb&tr=udp%3A%2F%2Ftracker.coppersurfer.tk%3A6969%2Fannounce&tr=udp%3A%2F%2Ftracker.opentrackr.org%3A1337%2Fannounce&tr=udp%3A%2F%2Fexplodie.org%3A6969&tr=udp%3A%2F%2F9.rarbg.me%3A2960&tr=udp%3A%2F%2F9.rarbg.to%3A2980,8e41f1bd340bc09d9e3291b1d0429d29836d9c89,"Sat, 27 Jul 2024 06:40:13 +0000",New episode: Sesame Street S54E08 Elmos Morning Routine 1080p AMZN WEB DL AAC5 1 H 264 NTb,605,6544,Sesame Street,203188,Sesame Street S54E08 Elmos Morning Routine 1080p AMZN WEB DL AAC5 1 H 264 NTb,45CE6EA4379E014A7DF550112E6211383139BE10
30,Sunny S01E04 1080p WEB H264 SuccessfulCrab,magnet:?xt=urn:btih:00593D25B54B8080EAE400DCD90AA23E7E413A77&dn=Sunny+S01E04+1080p+WEB+H264+SuccessfulCrab&tr=udp%3A%2F%2Ftracker.coppersurfer.tk%3A6969%2Fannounce&tr=udp%3A%2F%2Ftracker.opentrackr.org%3A1337%2Fannounce&tr=udp%3A%2F%2Fexplodie.org%3A6969&tr=udp%3A%2F%2F9.rarbg.me%3A2960&tr=udp%3A%2F%2F9.rarbg.to%3A2980,0addbe6a81348de24e21db2b73b6c8f7c0d52410,"Wed, 24 Jul 2024 02:20:16 +0000",New episode: Sunny S01E04 1080p WEB H264 SuccessfulCrab,1794,60398,Sunny,203097,Sunny S01E04 1080p WEB H264 SuccessfulCrab,00593D25B54B8080EAE400DCD90AA23E7E413A77
31,Presumed Innocent S01E08 1080p WEB H264 SuccessfulCrab,magnet:?xt=urn:btih:E6367E222CD1B444B612D0D37DDE676DE425862F&dn=Presumed+Innocent+S01E08+1080p+WEB+H264+SuccessfulCrab&tr=udp%3A%2F%2Ftracker.coppersurfer.tk%3A6969%2Fannounce&tr=udp%3A%2F%2Ftracker.opentrackr.org%3A1337%2Fannounce&tr=udp%3A%2F%2Fexplodie.org%3A6969&tr=udp%3A%2F%2F9.rarbg.me%3A2960&tr=udp%3A%2F%2F9.rarbg.to%3A2980,472e6f45f08bb19956b6e9d7b0ce094c3c4a4da5,"Wed, 24 Jul 2024 02:20:16 +0000",New episode: Presumed Innocent S01E08 1080p WEB H264 SuccessfulCrab,1788,60310,Presumed Innocent,203096,Presumed Innocent S01E08 1080p WEB H264 SuccessfulCrab,E6367E222CD1B444B612D0D37DDE676DE425862F
32,Last Week Tonight with John Oliver S11E17 1080p WEB H264 Success,magnet:?xt=urn:btih:080E3D663A6C81E3A25F95005CC8693C3D516262&dn=Last+Week+Tonight+with+John+Oliver+S11E17+1080p+WEB+H264+Success&tr=udp%3A%2F%2Ftracker.coppersurfer.tk%3A6969%2Fannounce&tr=udp%3A%2F%2Ftracker.opentrackr.org%3A1337%2Fannounce&tr=udp%3A%2F%2Fexplodie.org%3A6969&tr=udp%3A%2F%2F9.rarbg.me%3A2960&tr=udp%3A%2F%2F9.rarbg.to%3A2980,4569b959088c7c16e2238f1786c10df9caa9584c,"Mon, 22 Jul 2024 04:20:17 +0000",New episode: Last Week Tonight with John Oliver S11E17 1080p WEB H264 Success,45,263,Last Week Tonight With John Oliver,203032,Last Week Tonight with John Oliver S11E17 1080p WEB H264 Success,080E3D663A6C81E3A25F95005CC8693C3D516262
33,House of the Dragon S02E06 1080p WEB h264 ETHEL,magnet:?xt=urn:btih:57A31A32D201E82B319BA250D1837A6FEA32ED9A&dn=House+of+the+Dragon+S02E06+1080p+WEB+h264+ETHEL&tr=udp%3A%2F%2Ftracker.coppersurfer.tk%3A6969%2Fannounce&tr=udp%3A%2F%2Ftracker.opentrackr.org%3A1337%2Fannounce&tr=udp%3A%2F%2Fexplodie.org%3A6969&tr=udp%3A%2F%2F9.rarbg.me%3A2960&tr=udp%3A%2F%2F9.rarbg.to%3A2980,0ca181db06479bb2959d0b4744e92be21f06e10b,"Mon, 22 Jul 2024 02:20:17 +0000",New episode: House of the Dragon S02E06 1080p WEB h264 ETHEL,1586,44778,House of the Dragon,203030,House of the Dragon S02E06 1080p WEB h264 ETHEL,57A31A32D201E82B319BA250D1837A6FEA32ED9A
